qid,query
2,androgen receptor define
2057,arlena name meaning
3151,ginevra name meaning
4563,in what country was elizabeth was she became queen
4642,is cait jenner dating candis
4757,joan hackett cause of death
4947,ludacris net worth
7125,what does the name marley mean
9385,a place to heal sophia
10989,actress who played mrs potts
11005,actress who played wonder woman s mom in wonder woman
11006,actress who plays alice on the magicians
11021,actress who plays jo wilson on grey s anatomy
11050,actress who turned down pretty woman   ghost
11056,actresses born 1997
11846,adriana s insurance phone number
14451,age when women start menopause
14757,aimee osbourne net worth
15441,alexia medical definition
15443,alexis ohanian worth
16555,american bounty hunter wife
17114,amount of blood pumped out of heart with each contraction
17346,amount of time for a giraffe to give birth
17751,analiza justo
18044,androgen excess symptoms
18190,angela inzerillo
18890,another name for vaginal culture
21603,are chia seeds safe to eat pregnant
22346,are estrogen creams bad for you
27058,artist who painted mona lisa cross eyed
27303,ash s greninja
28181,at what age do girls potty train
28651,at what body fat percentage to women look lean
29376,atria covina
29626,august alsina height
30424,average age at menarche normal girls us
30662,average age of virgins
31371,average blood pressure for pregnant women
31543,average calories a day for women
37031,average height of a two year old girl
38298,average life expectancy for women
38396,average life span of a human female
38986,average monthly cost of having a baby
40051,average pay nurse des moines
43994,average size of an american woman
44686,average temp in hana hi
46566,average vanilla latte calorie
46770,average wage of nurse manager
47542,average words for a woman each day
49645,before periods symptoms skin itching
51768,best foods for menopause symptoms
52156,best time to have intercourse to get pregnant
54040,bipolar mood symptoms
56594,brooke name meaning what does
58409,calculate days past ovulation
60303,calories in galia melon
60721,calories in pastina
62738,can a molar pregnancy survive
62817,can a nurse develop eczema
62831,can a nurse practitioner write a referral
63032,can a pregnancy tell you before you miss period
63801,can alka seltzer cause upset stomach
63814,can allegra make me dizzy
64297,can an ob gyn be a primary care physician for a woman
64418,can antibiotics make you nauseous
64528,can anyone take prenatal vitamins
64709,can babies get cold sores from their mom
65766,can clonazepam cause depression
67681,can girls wear suits to prom
68074,can hillary still win the election
68095,can hives be a sign of pregnancy
68422,can i become a rn with a bsn
68423,can i become a surgical nurse from a surgical tech
68781,can i do hot yoga pregnant
70741,can lemon juice help candida
71275,can men get bacterial vaginosis from women
71471,can mold be harmful to pregnant women
71671,can mylanta cause constipation
71907,can nurse practitioners prescribe for themselves
72123,can ovaries cause leg pain
72646,can pregnancy cause vertigo in early pregnancy
72733,can progesterone cause acne
72965,can rectal fistula cause burning sensation
73343,can sex on your period make it heavier
73942,can stress be affecting my pregnancy
73964,can stress cause chest pain in women
74248,can tampons be flushed down the toilet
74276,can tea cause miscarriage
74491,can the mother of the bride wear ivory
75735,can women with polycystic ovarian syndrome get pregnant
76893,can you do squats while pregnant
77100,can you eat a wild turkey when pregnant
77266,can you end a sentence with a question mark and period
77460,can you flower girl accessories
77747,can you get depo shot while on your period
77955,can you give a woman a penis
78142,can you have a period from fibroids after menopause
78184,can you have coffee while pregnant
79992,can you take a morning after a day before sex
80044,can you take cialis and levitra together
80046,can you take cold eeze while nursing
80095,can you take naproxen during pregnancy
80507,can you use annie sloan paint without the wax
80722,can you use miralax when pregnant
81766,candida causes and symptoms
82756,caregiver benefits
82957,carrie underwood is worth
83093,casey gubbels
83373,cast of girls trip movie
83451,cast of mother s day movie
83563,cast of the ambassador s daughter
84449,cause of ovarian cyst
85095,causes for uti in women
86021,causes of diastasis recti in women
86437,causes of false negative pregnancy test
86478,causes of female hair thinning
87019,causes of insomnia in women
87287,causes of loss of hair in women
88956,causes of vaginal yeast infection
89072,causes of women s hair loss
89143,causes stomach bloating women
89226,cavities symptoms
89406,cecile name meaning
89551,celine bag price
92367,chyna wrestler how did she die
97352,constipation while pregnant what can i take
99267,convulsion definition
99271,convulsive syncope definition
106148,cost of piercing ears at claire s
108905,cost to bring a chinese bride
111237,cost to tailor bridesmaid dress
111723,could i catch mrsa from a lady whose leg is weeping
114666,cvs pregnancy tests hood
114853,cyst on vaginal lip home remedies
118988,define cholestasis of pregnancy
122708,define infanta
124254,define mother s maiden name
127670,define subserous leiomyoma of uterus
129218,define work wife
136466,definition of name akshara
138787,definition of the name sharon urban dictionary
142039,description of how early pregnancy bloating feels
142592,devontae name meaning
143019,diane keaton height
143025,dianna dahlgren net worth
143838,did emma stone and andrew garfield get engaged
144063,did hillary win the popular vote
144317,did kate s law pass congress
144857,did princess margaret ever marry peter
151547,dimensions of lazy susan base cabinet
155054,do aspirin help prevent strokes
156020,do dolly parton s siblings sing
156299,do filling cavities hurt
156379,do french women play sports
157068,do i need to go to collage to become a rn nurse
158509,do pregnancy hormones increase as pregnancy progresses
158726,do reese s pieces candies make sugar free
159253,do tampons make your period shorter
159390,do the usa celebrate international women s day
159733,do veterans wives get va health care
159963,do women ovulate before period
159976,do women s periods sync
160076,do you call a nurse practitioner a doctor
161117,do you place a period before or after a quote
161514,doctor polly kanganis npi number
162527,does a woman s egg determine which gender sperm it will accept
164453,does chamomile tea help menstrual cramps
164617,does chocolate soothe cramps
164711,does cleyera flower
166043,does estrogen make me start my period
166128,does exercise help ms
166979,does hashimotos mess with a pregnancy test
167204,does home health nurse need hospital experience
167937,does kate hudson have children
168076,does kyani really work
168607,does maddie ziegler have a sister
169778,does oil pulling heal cavities
170788,does quotation mark go before or after period
171305,does shatavari cause weight gain
172197,does the ana support associate degree nurses
172593,does the hpv vac protect you from genital warts
173322,does travel insurance cover pregnancy
173710,does venus williams and serena williams have minority ownership in the dolphins
174344,does your period stop when you run out of eggs
174382,does zac efron still love vanessa
174931,done breastfeeding how to dry up milk
176677,during pregnancy  when does the baby get in the head down position
177221,early pregnancy symptoms before missed period
178319,effect of progesterone on mood
178848,effects of obesity on moms   babies
179020,effects on adderall
179271,eisley name meaning
180385,endometrial biopsy is done where
181379,ernestine coito dies
181811,estrogen receptor definition
185528,fastest someone conceive after miscarriage
187994,florence b  price composer
193982,generic medication for lyrica
194890,gida delauran net worth
195032,girl found guilty boy
195051,girl outfit rips cheerleading
195964,google how old is singer charice
196510,grande latte macchiato calories
198573,harissa what is it
201365,here comes the bride meaning
202073,highest dosage of aspirin
203258,hillary darnell
203260,hillary hiding health problems
205399,hormones in ovarian cycle
205658,host of nfl network kay adams
206936,how accurate is a positive pregnancy test
207259,how are bonuses negotiated  the journal for nurse practitioners
209131,how big is gili t island
210442,how can i get more energy while pregnant
211406,how can you tell that your going to start your period
212024,how common is the name lindsay
212303,how days is the safe periods
212807,how did american women get the right to vote
221261,how do you calculate pregnancy weeks
225139,how does a sperm get into a woman
228616,how does walking help induce labor
228738,how does your cervix change during pregnancy
228868,how early can i take a pregnancy test
229552,how far along pregnant for pregnancy test to come positive
230373,how far into a pregnancy is sex safe
230982,how far is faribault from winona
233272,how fast can someone be promoted in registerd nurse pediatric
234098,how fast is a blink of an eye in her
239103,how long after lamictal rash before taking new med
239104,how long after laparoscopic surgery before i have intercourse
239189,how long after pap smear will i receive results
239276,how long after sex can pregnancy be detected
239830,how long are german shepherds pregnant
240452,how long before cialis takes effect
240504,how long before female dog shows pregnancy
241405,how long can a pregnant woman carry a dead fetus
243591,how long can your ovulation last in order for pregnancy to occur
244808,how long do dissolvable stitches take
245321,how long do hiccups usually last
248086,how long do you have to go college to become nurse
250426,how long does a woman s cycle last
250427,how long does a women cycle last
251504,how long does depo provera stay in the system
252019,how long does henna have to sit for for color to work
254451,how long does it take for quail to start laying eggs
255577,how long does it take to become a nurse
258516,how long does ivf take
259109,how long does orly nail polish take to dry
260500,how long does zoysia grass take to fill in
261179,how long for miralax to work
261949,how long irregular contraction
262302,how long is a female in heat
262771,how long is a pregnancy for apple snails
263891,how long is implantation after ovulation
264065,how long is maternity leave us
265408,how long is trauma nurse core course good for
265982,how long of a period do you have to appeal a case in civil court
266333,how long should a gel manicure last
266584,how long should bleeding last after labor
268406,how long to be off plavix before surgery
272550,how long to wait till announcing pregnancy
272612,how long to wait to try after miscarriage
280605,how many daughters did matlock have
280755,how many days after your period you ovulate
281625,how many days should be between periods
281856,how many days until my next period is to come
282103,how many democrat representatives women
282799,how many eggs do females have
284407,how many girls can play on a volleyball team at a time
284575,how many grammys did gladys knight win
284929,how many grams of fat per day for women
293421,how many players on a women s lacrosse team
299476,how many votes did hillary clinton win by
299692,how many weeks am i pregnant from my last period
299739,how many weeks can you find out the gender of your baby
299939,how many weeks pregnant can you find heartbeat
299945,how many weeks pregnant until third trimester
301238,how many years of school does it take to become a midwife
301586,how mary kay got her enterprise started
303133,how much can a woman legally have an abortion
303777,how much coffee is safe per day pregnancy
304200,how much dha should pregnant women get
306533,how much do nurse practitioners make with an entry salary
308687,how much does a breast reduction cost
309781,how much does a gynecologist make
310634,how much does a nurse make
310713,how much does a pap smear cost
311291,how much does a rn nurse make
312526,how much does an apicoectomy cost
313277,how much does breast ultrasound test cost
313592,how much does davita pay pct
320320,how much how much per hour does a private housekeeper make
321516,how much is allison janney worth
322366,how much is jade
323535,how much is trina worth
323625,how much is venus willendorf worth
324596,how much money do nurse practitioners make
325643,how much nurse pay
326417,how much protein do i need women
326719,how much protein should a female eat
327824,how much sleep does my baby need
330450,how much weight do you gain during menopause
334425,how old is bibi the hippo
334594,how old is cece vine star
334867,how old is dr ruth westheimer
334904,how old is elizabeth gillies
335086,how old is harriet tubman today
335236,how old is jaden smith s girlfriend
335539,how old is kaylyn slevin
335542,how old is keenan tracey
335564,how old is kendall knight
335633,how old is kylie rogers
335903,how old is mary berry
335910,how old is marzia bisognin
336068,how old is natalie la rose
336142,how old is paige o brien
336203,how old is phaedra parks
336620,how old is susan st james
336648,how old is taylor caniff
337385,how old was diana when she died
337528,how old was lisa marie when elvis died
337654,how old was tammy wynette when she died
337694,how old was victoria when she died
338022,how popular is madelyn
338040,how popular is the name kaitlyn
338049,how popular is the name spencer
339200,how soon after pregnancy can you test
339578,how soon can you start exercising after birth
339780,how soon does mirena start working
340006,how soon together for epidural injections
340310,how tall are models
340495,how tall does heliconia st vincent get
340712,how tall is ari melber
340808,how tall is charlize theron
340846,how tall is denali
340932,how tall is geri halliwell in feet
340956,how tall is hoda kotb today show
341039,how tall is kate mckinnon
341229,how tall is nicki manji
341314,how tall is samantha hoopes
347983,how to care for newborn kittens with mother
357162,how to end your period early
357463,how to evolve kirlia project pokemon
359040,how to find regular payback period
362023,how to get my crush to breakup with his girlfriend
363929,how to handle women on their period
381116,how to start labor
381280,how to sterilize menstrual cup
389290,humalog side effects in women
389785,hydrocortisone cortef side effects
390483,ibuprofen toradol hours
392169,if you have dental work during pregnancy can you take pain meds
393748,in the movie sing who plays the character nana
394506,in what year did metallica release first album
394674,in which dickens novel does the character esther summerson appear
396853,integrated women s health
398450,irregular periods causes
399227,is 98 fahrenheit normal for pregnancy
402351,is ampicillin safe in pregnancy
402893,is anne hathaway related to shakespeare
403806,is bailey a girls name
404451,is bloating an early sign of pregnancy
405565,is carrie a spanish name
406050,is cher s mom still living
408563,is dog the bounty hunter married to beth
409061,is echo a boy name
409699,is evelyn a boy or girl name
410213,is first response pregnancy test accurate
413514,is it bad to take aleve when trying to conceive
413598,is it chairman for a woman
413832,is it healthy to lose weight during pregnancy
414109,is it normal to bleed during ovulation time
414155,is it normal to have heartburn during the first trimester pregnancy
414531,is it safe to drink juice during pregnancy
415474,is kellyanne conway resigning
415501,is keppra safe during pregnancy
415725,is kombucha safe during pregnancy
416064,is lauren a unisex name
416956,is lyrica addictive
417080,is maia campbell really on drugs
417766,is melania trump going to divorce donald
418137,is mild cramping normal in early pregnancy
418415,is mom capitalized
419280,is nikka garcia pregnant
420850,is phaedra divorced
422786,is rosacea treatable
422955,is sadie a nickname
424983,is sunny a girls name
425247,is tanning safe while pregnant
426359,is the girl statue still in front of the bull
428766,is there a women s tour de france
429242,is there pregnancy test that work two weeks before your missed period
430782,is venus williams
430991,is vitamin e good for vaginal dryness
431427,is whitney thor dating a woman
432674,jaldi jaldi meaning
433047,jemari name meaning
433368,jokers wife
433415,josephine s feast
433463,joyce thomas md
433743,kahlan name meaning
434378,kiefer sutherland worth
434860,korean women s volleyball
435019,kyana meaning
435290,lack of testosterone symptoms in women
435341,lady who swim from cuba to florida
435412,lakegirl address
438048,laura golden npi number
438058,lauren london age
439026,legal nurse consultant
442925,lonzo ball girlfriend
443853,lymph system dysfunction
443945,lyrica for pain
445752,mary corbin revolutionary war
447022,meaning for the name mariska
447188,meaning of alexis in english
447339,meaning of bismillah
448112,meaning of last name blair
448321,meaning of name imara
448546,meaning of name keira
448630,meaning of name nairi
448745,meaning of name suri
448748,meaning of name swapnil
449048,meaning of recusal
449483,meaning of the name elisa
449573,meaning of the name ailee
449750,meaning of the name elodie
450018,meaning of the name niki
450093,meaning of the name rumah
450097,meaning of the name ryanne
452036,medications for gaining weight
452142,medications to help abnormal periods
452652,menstrual show definition
452843,meryl streep is how tall
453690,midterm definition
454950,miscarriage pain what does it feel like
455225,moana s grandmother s name
455535,molly maid hourly pay
455548,moma nyc cost
456968,most common non liver cause of ascites in young female
456988,most common ovarian malignancy in pregnancy
458427,most overrated female actress according to trump
459709,mother who injects feces into iv
461491,name meaning paige
462572,native american woman wolf tattoo meaning
463230,neonatal hemochromatosis causes
463443,net worth of gloria vandervelt
464042,newest treatments for ovarian cancer
464969,non fat latte calories
466023,notch net worth
466162,npi number cintia roguin
467018,number one cause of death for pregnant women
467235,nurse anesthetist program cost
467274,nurses elbow causes
467962,odile name meaning
468119,ohio board of nurse aide registry
468430,oligo ovulation definition
469647,oral medications for ms
469659,orally defini
470704,ovarian cancer symptoms in women
471425,pancreas disease symptoms in women
473361,percentage of female executives that are happily married
473383,percentage of married women who cheat
473500,percentage of women who get pregnant prior to deployment aboard ship
474343,phenta xt diet pill
478792,post menstrual age of infant
479570,pregnancy symptoms by day
482153,procedure that widens the cervical canal with a dilator and scrapes the uterine endometrium with a curette
483028,proper use of title mrs
483339,provera is it a progesterone
491022,sacrum coccyx
491033,sadqay tumhare cast
492853,sandra bullock is she republican or democrat
492995,sarah huckabee sanders salary
492997,sarah mcclendon state farm
494968,sequence of events during child birth the three stages of labor
495750,shingle symptoms women
496844,should the mom of bride and mom of the groom wear
496935,should women do chest lifts
497023,should you have sex night before pap smear
497964,signs and symptoms of delirium
498182,silhouette cameo phone number
502721,stars who played hello dolly
503530,stella york wedding price
503580,stepford wife definition
505764,susan cummings net worth
505810,sustained contraction is also called what
506020,syaoran s sisters
508623,symptoms of scabies in women
508995,symptoms of underactive thyroid in women
509007,symptoms of ureter problems
509018,symptoms of uterus cancer signs
510158,t age can a widow collect social security
510295,tailbone discomfort during early pregnancy
510867,taylor swift rapping
511002,teacher s aide
511213,teddie peanut butter cost
511224,teen dating violence definition
511230,teen suicide rate statistics
511235,teenage seizures causes
513460,tesla shopping
514049,the                      is the pit that marks where the umbilical cord was attached before birth
514712,the cessation of menstruation is called
517245,the meaning of the name irina
517251,the meaning of the name jermaine
517300,the meaning of the name valery
517490,the mosley sisters
518675,the role of the nurse in diabetic foot care
519467,the white princess tv show cast
520583,tiger mom definition
523087,tours of martha s vineyard
524382,treatment for menopause symptoms
525200,tsh level ranges for pregnancy
528954,types of nevi
532927,upbraid meaning
534784,using albuterol during pregnancy
535292,va nurse salary
535421,valentina  definition name
536091,veillonella anaerobic
539648,was amelia earhart alone when she crashed
539812,was chelsea arrested
539957,was emily kinney in harry potter
539966,was etta james black
540300,was kelly the fastest spartan
540970,was the natalee holloway case ever solved
541279,was wonder woman on a tv series
541948,watery blurry eyes
542366,ways to prevent pregnancy
546067,weather in st helen mi
549608,what activities are safe during pregnancy
549738,what actress died yesterday
549739,what actress disappeared for a while
550185,what age can a woman not get pregnant
550240,what age can female dogs start breeding
550378,what age can women have children up to
551065,what age do you stop getting a pap smear
551517,what age is girl scouts
553282,what amendment gave women suffrage
553347,what amendment was women s suffrage
554430,what are a good vitamin for hair loss for women
558020,what are duties of a charge nurse
558046,what are early signs of menopause
562085,what are mummy chubs
562993,what are patronymic names  what are matronymic names
570503,what are the hormones produced by the ovaries and the testes
571801,what are the most serious symptoms of a kidney infection in females
573626,what are the signs that a mother cat is getting ready to give birth
574769,what are the three possible treatments for endometriosis
577813,what astrological sign is kim kardashian
581082,what can cause abnormal pap smear results
581159,what can cause clear urine in women
581353,what can cause minor strokes in middle aged women
581552,what can cause yellow green vaginal discharge
582705,what can you eat during the pre op gastric bypass diet
585246,what causes alopecia in women
586892,what causes cramps pain
587271,what causes dramatic weight loss in teen girls
589074,what causes itchy vigina lips
590426,what causes ovarian cysts to form
590475,what causes pain below belly button
591494,what causes severe mood swings in women
593258,what causes vagina ordor
593259,what causes vaginal atrophy
593270,what causes vaginal gas
593275,what causes vaginal odor
593277,what causes vaginal odor
593639,what causes woman s libido to decrease
594048,what celebrities named their daughter james
596130,what city is roseanne
601750,what country is manu ginobili from
611557,what county is portia ar
616011,what cut of meat is steak diane
617611,what degree do you need to become a nurse
618076,what designers were worn by actresses at oscars
618145,what determines date date of sex or date of ovulation
619376,what did martha stewart loose when she went to jail
619443,what did miss baker tell nick about tom
619675,what did rosalind franklin discover
620631,what did zoe kravitz say her mom said about cosby
626232,what do you call full term pregnancy
629173,what does a hernia feel like in women
631348,what does alexi mean
636770,what does elizabethan england mean
641515,what does it mean when your menstrual is dark
643649,what does morganella morganii cause
644710,what does onchocerca volvulus cause
645951,what does postprandial blood sugars mean
648829,what does supracervical hysterectomy mean
648877,what does sweeping mean in pregnancy
648969,what does tab mean in pregnancy
651120,what does the name aviva means
651187,what does the name brunhilde mean
651194,what does the name callen mean
651354,what does the name elsie mean
651771,what does the name mide mean
652090,what does the name terrez mean
653737,what does the world recusal mean
654633,what does vaginal discharge mean
660980,what foods are good to help with hair loss in women
663485,what genre is alina baraz   galimatias
663591,what genre is porgy and bess
663680,what genre of music does bea miller sing
664818,what hand does a woman wear her engagement ring on
666810,what happens to untreated uti in pregnancy
667588,what happens when you eat mercury when you re pregnant
669502,what hormones do women loss after menopause
675516,what is a breastaurant
677352,what is a cholecystectomy
677415,what is a chronic cervicitis
678207,what is a colpectomy
683058,what is a female phantom
683657,what is a foal
684819,what is a girl gender sign
684821,what is a girl scout tagalong cookie
685572,what is a good weight for a 5 8 female
689340,what is a lobectomy
693249,what is a nurse practice act
695942,what is a pri screening done by a nurse
699948,what is a sigmoid volvulus
701513,what is a stepford wife
703971,what is a trans girl
704134,what is a trauma registry nurse
709399,what is alevicyn
717845,what is andrea tantaros doing
722722,what is bayanihan
725345,what is bordetella
728073,what is carrie underwood s net worth
730432,what is christie brinkley worth
733422,what is considered a missed pill
737124,what is cystectomy surgery
737333,what is dakota johnson net worth
737641,what is days daughter
740762,what is dolly parton s skin secret
740919,what is done with a pet scan
741305,what is drew carey s net worth
741407,what is drta
743361,what is ellamore
743839,what is endometrial ablations
746365,what is farina
750946,what is giada de laurentiis ex husband doing
750971,what is giardiniera relish
756795,what is hypopituitarism in women
761211,what is it called when fallopian tube and ovary removed
762468,what is jopari
764148,what is lady gaga s net worth
767740,what is madonna s real full name
769017,what is matka gosht
770894,what is melena diagnosis
771241,what is mesna
777317,what is normal alcohol consumption for women in a day
778845,what is octavia butler time period
781277,what is pap smear reflex test
781700,what is partial colectomy
783687,what is physical therapy on an overuse syndrome
785351,what is pona
789037,what is quillaia
789135,what is r kelly s net worth
798364,what is spanish word for grandma
807454,what is the average vertical jump for a female volleyball player
807585,what is the awakening about kate chopin
810242,what is the cause of early ejaculations
811852,what is the common name for jade
815618,what is the definition of the flowers ovule
822060,what is the founder of girl scout full name
825549,what is the ideal weight for 5 3 female
825948,what is the indian name for salacia oblonga
826444,what is the italian word for grandma
837156,what is the nurse looking for when assessing someone deep tendon reflexes
837499,what is the oldest kardashians girls name
843110,what is the quote that reisz says to edna about a bird
844783,what is the role of the home health nurse
846496,what is the shelf life of tessalon perles
848703,what is the story behind wonder woman
850057,what is the telephone number to janie
851588,what is the total time for healing total hysterectomy
864768,what is zaroxolyn
864790,what is zelda named in japanese
867074,what kind of collie was lassie
868184,what kind of fish to avoid when pregnant
868973,what kind of lady was marilyn monroe
870393,what kind of rose is belindas dream
870538,what kind of shoes are mary janes
880655,what nationality is haley
885764,what percent of body fat should teen girls have
885822,what percent of married women have affairs
888100,what prefix is for married women
888112,what pregnant women can take for uti
890225,what range is it thabana ntlenyana
891801,what role did women play in ancient egypt
891802,what role did women play in the iroquois government
892422,what school did levern spencer attend
893128,what series did erin hunter wright
895101,what size crate for a female husky
896740,what specialist treats menopause
899271,what structure goes through the vertebral foramen
899833,what supplements help with vaginal moisture
902925,what test is done to see if you need horome replacement in menopause
905303,what time of day take pregnancy test
906352,what to do for constipation in women
909429,what truck was presented in twilight to bella
909604,what tv shows did ashley olsen and mary kate olsen play in
910870,what type of car was ms sally in cars
911418,what type of degree do you have as a nurse practitioner
913286,what type of meals to eat for morning sickness
916041,what unisom is safe during pregnancy
917022,what vitamin is lacking in elderly women
917284,what vitamins do women need
917369,what vitamins help with cramps
917437,what vitamins should i take women
917473,what vitamins to take for hair loss in women
917489,what vitamins you need while breastfeeding
921561,what was the name of popeye s girlfriend
921621,what was the name of the ellen degeneres sitcom
923544,what weight does hvut cover
924900,what woman has the most oscars
924916,what woman wrote analytical institutions
926019,what year did california girls beach boys come out
926518,what year did mary poppins the movie come out in theaters
926944,what year did the first woman to drive across the united states
927709,what year was dude looks like a lady released
928753,what year was why havent i heard from you reba mcentire released
929641,what s a good vitamin for women
932495,what s the movie with meryl streep that a dingo ate her baby
933132,what s the temperature in charlotte
934819,whats the song girls dead monster plays first in angel beats
934964,when    was  kemi born
936249,when can cats leave their mom
936421,when can i start taking pregnancy tests
936501,when can menopause start
937022,when did british women get the right to vote
937845,when did cinderella get released
938837,when did harriet s husband die
938926,when did hollaback girl come out
940458,when did rachael ray get divorced
940940,when did st anne die
941836,when did the lady chablis die
942221,when did the sitcom  rhoda come out
942705,when did tina turner record proud mary
942809,when did u s  women get the right to vote
943157,when did women get to vote
943170,when did women in usa get right to vote
943182,when did women start wearing pants to work
943190,when did women s rights begin in canada
943877,when do female puppies go into first heat
943969,when do hcg levels disappear after birth
944231,when do ligament pains start in pregnancy
945045,when do women feel morning sickness
946145,when does cialis trademark drop
948452,when does the umbilical cord form during pregnancy
951112,when is menapause
951375,when is nurses day
953846,when is wonder woman set
953991,when mlk gave  his i have a dream speech
954307,when should a bridal shower happen
954508,when should i feel the baby
954841,when should you start having morning sickness
955881,when to start the bcp after depo injection
956624,when was alice walker born
957850,when was glow girl released the who
958128,when was inga burgman born
959716,when was sarah sally mccoy born
960228,when was the american woman s cook book published
963761,when will i feel my baby move outside
963788,when will i start puberty quiz for girls
964662,when you stop taking the pill
968835,where did jambalaya originate
969704,where did the name alice in chains come from
970086,where did they find lucy the australopithecus
972064,where do you feel contractions
973294,where does kate gosselin live
974670,where does the name nadia come from
974808,where does the pioneer woman live
976985,where is antonica
977379,where is aubrey  texas
977467,where is avril lavigne from
978057,where is berrimah
979129,where is calamity jane buried
979388,where is carli bybel from
980646,where is courtney schwartz  md
981672,where is dubina texas
982286,where is erin  wi
984402,where is hersey  mi
984844,where is h meenlinna  fi
985165,why are jury trials important to court cases like those of felina early v  suzy snoozer
985313,who s the lead singer of nightcore female edition
985440,who wrote ordinary girl
985653,where is katherine mae davis
985896,who was the man that rosa parks refused to give up her seat to
985963,who was the jordache model
985991,who was the first women to be on the supreme court
986071,who was the first black woman
986098,who was the first astronaut women
986109,who was the female that quit e news lately
986238,who was the actress in welcome back kotter
986316,who was susan calvin in i robot
986319,who was singing song pretty woman in the movie
986320,who was simba s mother in the lion king
986458,who was nell cropsey
986471,who was miriam mann
986494,who was mary ludwig hays
986500,who was marjory stoneman douglas
986701,who was jada pinkett married to
986815,who was elvira madigan
986918,who was christine lund married to
986935,who was catherine ii russia
986996,who was bridget moynahan married to
987060,who was a teacher in mississippi before she became a well known journalist
987065,who was a forest nymph protecting zeus from his jealous wife
987152,who sung betty davis eyes
987360,where is marietta
987383,who singing voice was used for audrey hepburn in my fair lady
987505,definition of mimosa
987533,who sang your mama don t dance
987667,where is melba idaho
987860,who plays sarah newsies
987882,who plays mother on rosewood
987994,who plays bella s daughter in twilight
988016,who plays abra kadabra
988062,who played linda in wallander
988115,who played blanche s sister virginia
988119,who played alicia on the big bang theory
988306,who owns charlotte hilton university place hotel
988528,who is veolia
988579,who is the voice tanya the evil
988600,who is the top model of india
988835,who is the girl who is on american pickers
988840,who is the first black lady on nasa
989149,who is stephanie peterson
989156,who is shelea frazier married to
989157,who is shaun white s girlfriend
989182,who is sema hernandez for u s senate
989213,who is scarlett in total drama
989296,who is sakura haruno
989340,who is ruth paul
989361,who is ruth haley barton
989396,who is rose elizabeth cleveland
989536,who is rachel scott siblings
989609,who is phlegethon
989748,who is mother gothel
989832,who is mercury s mother
989870,who is megan mccain s husband
989941,who is maddie ziegler mom
989946,who is luzelba mansour
990010,where is paihia
990218,who is katica illenyi
990223,who is kathleen a  crowley esq
990231,who is kate smith
990233,who is julia dreyfus husband
990288,who is john mellencamp s daughter
990514,who is hanna alstrom
990765,who is erin rogers
990767,who is erica bojack
990852,who is dr ari brown
990901,definition of feminism in detail
990995,who is dakota meyer
991043,who is claire tow
991079,who is camille grammer boyfriend
991085,who is brooke baldwin
991211,who is b
991246,who is audrey williamson
991287,who is artemis
991324,who is ann rand
991326,who is anita ekberg
991342,who is amandla stenberg
991675,where is rk bridal located
991722,who framed roger rabbit wife who was the voice
991853,who directed the movie mother with jennifer lawrence
991873,who dies in gilmore girls
991881,who died on mom
991896,who did wolowitz mom voice
991952,who did tennessee russell marry
991999,who did patty smyth married
992039,who did janet reno serve under
992328,where is santa clarita ca
992367,who are laura and petrarch
992417,whitney wolfe net worth
992467,which wrist does a woman wear a bracelet
992878,which term refers to painful menstruation  ovulation amenorrhea dysmenorrhea dyspareunia
993459,where is stacy mn
993479,which president s wife or first lady helped draft the  universal declaration of human rights  and was the first chairperson of the un human rights commission
993844,where is suwanee
995251,which condition results when the foramen ovale fails to close soon after birth
995944,which american president awarded maya angelou with the presidential medal of freedom
996011,which amendment of the us constitution led to women gaining the right to vote
996414,where was linda louise kaufman born
997126,where is the princess tree native to
997781,where is stacy minnesota
997913,where is rovna
998304,where is natalia  tx
998609,where is macy s westfield valley fair
999143,where is damietta
999486,where is becca k from
999561,where is almena
1000004,where does name nora come from
1000107,where is whitney houston s  awards after she died
1000470,where did they film wonder woman
1000568,where did malala give her nobel prize speech
1000569,where did malala give her first speech
1000897,where nikki beach are in spain
1001470,where to find lobelia wild
1002861,where was louisa may alcott born
1002864,when was mary monroe born
1003047,when was edina realty founded
1003166,where was pom klementieff born aaaaa
1003198,where was pom klementieff born sssssssssssssssssssssssssssssssss
1003373,when should i go to hospital for delivery
1003401,when should a woman take pregnancy test
1003997,where was the princess bride filmed
1004008,when is mckenna grace birthday
1004167,when is dula birthday
1004187,when is dangerous woman coming out
1004191,when is clementine hunter  s birthday
1004209,when is charlotte auto fair
1004248,when is a woman considered a cougar
1004297,when does wonder woman 2 come out sdf
1004322,when does the womb of a pregnant woman rise about the pelvis
1004369,when does the roseanne show return
1004786,which actress turned down leading roles in pretty woman   ghost
1005110,which amendment gave women right to vote
1005298,which animal is pregnant the shortest
1005452,when do girls stop gaining height
1005475,when do female dogs first go into heat
1005649,when did women in usa start shaving legs
1005650,when did women get full protection under constitution
1005651,when did women began to gain rights
1006035,when did terri sewell become representative
1006036,when did techna glass start
1006174,when did selena gomez have her kidney transplant
1006199,when did rosalind franklin take x ray pictures of dna
1006701,when did it become normal for women to wear pants
1006776,when did hulda clark pass away
1007427,when can you have dna test when your pregnant
1007508,when can i determine the sex of my baby
1007563,when are the sexual organs visible in pregnancy
1007637,when and where was sybil born
1009149,which episode is lady shadow
1009598,what s another name for a female kitty
1010062,what years did mork and mindy televise
1010173,what year was ruby bridges awarded the presidential medal of honor
1011663,what was the women s army corps
1012000,what was the name of the nun who urged that women be educated
1012326,what was the grimk  sisters  argument for equal rights for women based on
1012409,what was the daughters name in sopranos
1013132,what was an effect that world war ii had on american women
1013175,which makeup does estee lauder own
1015055,which of the following is an effect of luteinizing hormone  lh  after ovulation
1017200,which party did the professor yemi osibanjo
1017251,which period begins three weeks after conception
1017607,which playwright married marilyn monroe
1018083,which prince was married to fergie
1018087,which princess  castle is at disneyland tokyo
1018668,what the name zina mean in arabic origin
1020259,what skills do i need for a nurse
1020953,what should a woman s waist measurement be
1021243,what schools did angela davis go to
1021318,what school subject are needed to become a registered nurse
1021327,what school did bessie coleman attend
1021541,what role did women play during wwi
1022752,what percentage of facebook users are women
1023902,what number is kyrie irving on celtics
1023905,what number is anne of green gables ranked
1024295,what nationality is nicole richie
1024826,what methods of sterilization are fda approved for women
1024854,what melania trump eats in one day
1025021,deany laliotis
1025049,what means the onset of menses
1025176,who can use nurse advice line  tricare
1025483,what make up the pistil in the female flower
1025900,what language does castilla leon speak
1026540,who did r kelly marry
1026759,what kind of pain is angina
1027209,who does cameron boyce play in liv and maddie
1027548,what kind of complications can arise from albinism  oculocutaneous
1027997,who founded wonder woman
1028599,what is women s work
1028602,what is women s month
1028761,what is vulvar winking
1028836,dana   rembrandt
1029058,what is used to help with urinary leakage surgeries
1029681,who is adia
1029936,cynthia watros net worth
1030294,who is avril lavigne married
1030340,who is barbara cowan
1030446,who is bella hadid
1030617,who is billie eilish
1030624,customer service number for macy s
1030762,what is the typical dress of suriname women
1030803,who is brandon thomas lee s girlfriend
1030861,who is britney spears
1031100,who is carmen lopez
1031132,who is casimere jollette
1031172,who is celine dion s husband
1031458,who is clara bow
1031886,who is danielle harris dating
1031976,what is the standard pd for a woman
1032021,what is the stamen
1032513,who is elaine that does cbs evening news
1032968,what is the ribbon color for ovarian cancer
1033315,who is grandma moses
1033413,who is haley barbour
1033727,who is illa firefox
1034039,what is the prize money for women on the eu ski
1034092,what is the primary charism of the ursuline sisters
1034209,who is jen best friend
1034859,who is kelly lebrock
1035035,who is kristen welker
1035129,who is laura dern s mom
1035138,who is laura moretti
1035167,who is laverne baker
1035344,who is lindsey vonn s boyfriend
1035802,who is martha graham
1035914,who is matthew mcconaughey s mother
1035979,who is megan trainer engaged to
1036024,who is mia pagan
1036177,who is millicent the cat
1036271,who is mother teresa
1036542,who is nicole kidman s husband
1036933,what is the mask called that muslim women wear
1036935,what is the martha mordini rukavina loan forgiveness program
1036999,who is penelope hume on lost
1037264,who is princess eugenie boyfriend
1037302,what is the lowest female voice range
1037407,who is rashida jones related to
1037728,who is rigoberta menchu
1038184,what is the ideal woman in our society
1038483,who is sister shirley
1038484,who is sita
1038849,who is supergirl
1038859,what is the goddess of agriculture in greek mythology
1038871,who is susan boyle
1038958,who is tarana burke
1039195,who is the actress that played gretchen schwartz on breaking bad
1039340,what is the fossa the ovaries sit in
1040022,who is the ex boyfriend of arci munoz
1040218,who is the first woman to drive a car
1040220,who is the first woman who join the military
1040257,what is the distance between blue ridge ga and helen ga
1040353,who is the girl in old navy commercial
1040371,who is the girl in the toyota commercial
1040883,who is the main character from the mummy
1041089,who is the mother of the sand snakes
1041090,who is the mother on young sheldon
1041243,who is the oldest woman to ever win an oscar
1041914,who is the tallest person in this world as a woman
1042179,who is the woman in the bob s furniture ads
1042676,who is venus de milo
1043413,who made rihanna famous
1043968,what is the best posture corrector for women
1044823,who old is mariah carey
1045234,what is tephra
1045509,what is susan rice s net income
1045715,what is stevia rebaud
1046456,what is serenoa repens
1046750,who played howard s mom
1046985,who played meena in the movie sing
1046987,who played melania trump on colbert
1047012,who played miss kitty in gunsmoke
1047245,what is rela
1047256,who played stabler s daughter
1047592,who plays archie s mom on riverdale
1047766,what is progesterone cream used for in women
1047889,who plays donatella versace in the movie
1048020,who plays hannah montana
1048031,what is postictal period
1048310,what is pichola
1048330,who plays meg in hercules
1048380,what is ph on a female
1048524,what is pehlwani
1048585,what is paula deen s brother
1048672,what is oxytocin in a female animal
1048712,who plays the girl on lazy town
1048836,who plays velma in scooby doo 2
1049810,who sang evil woman
1050503,who served as chester arthur s first lady while he was president
1050707,who sings about a girl
1050739,who sings amena e  core
1050961,what is mikagura
1050976,who sings evil woman
1051523,what is matilda jane clothing
1051551,what is marzanna
1051571,what is marilyn manson music called
1051603,what is mama
1051766,who sings that song about my ragtime gal
1051877,who sings the song 8675 jenny
1052414,who starred in marnie
1052537,who stars in forever my girl
1052632,what is jennifer aniston s bra size
1053048,who voices ariel
1053416,who was billie holiday influenced by
1053877,who was elizabeth moth
1054029,what is hoda kotb worth
1054111,who was goddess athena s mother
1054193,what is harvey girl jewelry
1054633,who was jonbenet ramsey killer
1054666,who was kate smith
1055408,who was rosa parks mom
1055454,who was samuel mom
1055468,who was scooter libby
1055525,what is estrogen dominance in women
1055581,who was tanya on the l welk  married to
1055597,who was that girl that killed her roommate
1055815,who was the female singer for jefferson airplane
1055924,who was the first black woman to win best supporting oscar
1056009,who was the first magical girl
1056259,who was the first woman elected governor of a us state
1056950,who was the woman who sang in wicked   rent
1057029,who was toni morrison
1057157,who was wonka s creator
1057239,who were contenders for co hosting with kelly ripa
1057255,who were greer garsons best friends
1057270,who were marilyn monroe s friends
1057699,who will be the first woman in the nfl
1057865,what is cornelia de lange syndrome
1057874,age of sharon osbourne
1059118,what is calia
1059144,who wrote the song  i got a brand new girlfriend
1059641,who s the woman in the toyota crossover commercial
1060391,what is barbra streisand net worth
1060690,why are mimi s cafe closing
1060732,why are my baby chicks dying
1061393,why are women bitchy
1062153,what is another name for plumeria
1062316,what is an synovectomy
1062514,why did giada get divorced
1062600,why did it take so long to give women the right to vote
1064602,why do girls eat pineapples
1065443,why do planes fly in the tropopause
1065965,what is a transgender lady
1066116,why do women get period cramps
1067644,what is a she shed
1067835,why does queen have official birthday
1067844,what is a romance novel
1068654,why emily dickinson write she sweeps with many colored brooms
1069739,what is a nurse diploma
1072417,what is a harpy demon
1074478,what is a divorce a vinculo matrimonii
1075115,why was mama june hospitalized
1075164,what is a courtesan
1075490,what is a cmc nurse
1076078,why was what rosa parks did important
1076897,widows benefits age to start
1078746,what helps with swelling during pregnancy
1078830,wnba player salary
1078853,what health benefits is blue vervain known for
1078884,woman who got craft glitter in her eye
1078898,woman who played wonder woman
1078920,women benefits from taking dim
1078952,women who wrote civil war songs
1078962,women s multivitamin gummies benefits
1078967,women s suffrage timeline
1078975,wonder woman definition
1079711,what goddess is libra
1079728,what girls name is known as goddess of the moon
1081343,yellow mucus discharge after pregnancy
1081873,zari meaning of the name
1081903,zelda how many korok seed
1081924,zera name meaning
1082379,what does wifey mean
1082727,what does the mother mean in apple cider
1082751,what does the maid of honor do
1082766,what does the last name leal mean
1082868,causes of viginal yeast infection
1082877,what does tamal mean in spanish
1082881,what does syrah pair with
1083132,causes of rosacea acne in women
1083257,what does perm means in a labor certification
1083513,what does ladies man mean
1083517,what does labor burden generally include
1083704,what does heather smell like
1083711,what does having hiccups mean
1083916,causes for so many early teen suicides
1084072,what does cithara mean
1084130,cause of retroperitoneal fibrosis
1084131,what does breona mean
1084230,what does anita mean in hebrew
1084289,cause of death for goldie hawn
1084302,what does alice in chains mean
1084306,what does aguila mean
1084434,catholic meaning for alexis
1084890,what dmards are safe during pregnancy
1084986,what did shirley ann jackson accomplish
1085008,what did maria theresa do for the serfs
1085049,cast of big hand for the little lady
1085132,what day is st patty s
1085140,what day does rosa parks refuse to give up her seat
1085279,what county is stacy minnesota
1085568,what county is elsa  tx in
1085626,carbamazepine withdrawal side effects
1085667,what county is bertha minnesota in
1085886,what college did mary mcleod bethune go to
1085936,what city build shania twain centre
1085968,can you use a heating pad when pregnant
1085979,what channel is the american housewife on
1086017,what causes women to be hot
1086018,what causes woman dizzy nausea
1086279,what caused my miscarriage
1086346,what can i take for nausea and vomiting
1086391,what can a women take to help with neural tube defects
1086430,what book was on new york times list for patti callahan henry
1086499,what awards has alexa scimeca knierim won
1086508,what awards did elie wiesel receive
1086621,can hepatitis b vaccine be administered to breastfeeding mother
1086846,what are the sensitive periods
1086930,what are the most popular majors at mary baldwin
1087186,camille grammer height and weight
1087606,what are female disorders
1087833,what amendment support the women
1087850,what album is uma thurman on fall out boy
1087871,what age was emily carr when she died
1087893,calories in girl scout cookies
1087937,what actress played rose on two and a half men
1087938,what actress played ferris bueller s girlfriend
1088013,wendy d anderson chief of staff
1088071,weeks of pregnancy
1088134,calories in a wendy s double
1088740,weak spot in the aorta
1088826,was kristin chenoweth in phantom
1088958,cadi b age
1088978,victoza  liraglutide
1088980,victoria secret credit card phone number
1088982,victims of florida teen shooting
1088983,vicky donor cast
1089216,ulta credit card phone number
1089230,tyrin name meaning
1089247,types of uterine manipulators
1089465,translation english to karen
1089750,britne oldford worth
1089774,the meaning of the name annice
1089819,the indigo girl by natasha boyd
1089830,the future is female
1090246,symptoms of ovarian cancer incontinence
1090280,symptoms of a gastric ulcer in women
1090386,stimulant symptoms
1090424,starting pay of registered nurse
1090628,sisterlocks price list
1090675,side effects of truvia sweetener
1090697,side effects for mepacrine
1090918,salary registered nurse in rural clinics make
1091027,rhonda suereth
1091071,representative mceachin
1091115,recurrent gastric cancer symptoms
1091195,pyuria symptoms
1091232,proventricular dilatation disease symptoms
1091293,princess cruise phone number
1091404,pregnancy test is what type of immunoassay
1091405,pregnancy definition
1091535,pollyanna definition
1091632,phone number lorraine darling
1091674,phone number for dr  jill bressler in syosset  ny
1091693,actress who plays hope logan on bold and beautiful
1091772,bevacizumab side effects
1091805,paula white net worth
1091807,actress who played rosario
1091811,patricia longley alaska
1092025,okolona ky population
1092039,october libra
1092120,number of carbs for female
1092141,npi number for dr  megan yunghans
1092146,nova what are dreams
1092175,normal hours for a nurse practitioner
1092252,neonatal renal function
1092336,name meaning of aniah
1092339,name clotile what does it mean
1092415,mother who killed her children
1092453,benefits of kegel exercises for older women
1092542,most common tattoos for women
1092570,most a female golden should weigh
1092604,monta ellis net worth
1092737,michelle douglas dentist in martinsburg  wv
1092786,mena massoud
1092808,megan j stefani npi number
1092940,meaning of the name dafna
1092978,meaning of prima donna
1093149,mazaheri name meaning
1093161,maudie cast
1093177,mary hedges md npi number
1093258,macy contact number
1093269,lynn p  beaulieu medicare provider number
1093279,lycopene benefits for women
1093319,belle tire corporate office number
1093413,linda oxendine telephone number
1093454,beaches movie who played cc bloom child
1093455,leija s mexican restaurant in conroe tx
1093623,lakshmi vilas bank tirupur contact number
1093650,kyna name meaning
1093677,kitten heel height
1093686,bartonella henselae causes
1093698,ketamine withdrawal symptoms
1093702,kelly service number
1093732,judith e  burgess  md npi number
1093757,jo boaler what is number sense
1093759,jita name meaning
1093769,jenny craig corporate phone number
1093814,is yumi kim an anthropologie brand
1094027,is scout a girl
1094080,is miriam a popular name
1094111,is justina machado puerto rican
1094179,is dina a popular male name
1094203,is carla bruni married to hollande of france
1094215,is blighted ovum the same as molar pregnancy
1094220,is bernadette pregnant
1094334,ayse sahin npi number
1094653,if you want to lose a pound  you should aim to reduce        calories from your diet over a period  such as one week
1094985,how tall julie newmar
1094986,how tall is zuleyka rivera
1094989,how tall is the kagame daughter
1094995,how tall is tamar braxton
1095015,how tall is erica mena
1095026,how tall is connor franta
1095035,how tall is arie luyendyk
1095041,how tall how tall is michelle obama
1095057,how soon can you wear a bra after reconstructive surgery
1095058,how soon can you take pregnancy test
1095110,how old was eartha kitt when she died
1095130,how old is yanni
1095141,how old is toni romiti
1095153,how old is sola raynor
1095158,how old is sharon mcknight
1095165,how old is ricki lander
1095170,how old is reese witherspoon s daughter  ava
1095185,how old is mary grove of
1095201,how old is jyoti amge shortest woman
1095233,how old is elly tran ha
1095237,how old is dreka gates
1095248,how old is cassie hollister
1095262,how old is angel freeman
1095493,how much should stay at home moms make
1095527,how much should a girl weigh
1095554,average salary of utilization review nurse telecommute
1095695,how much money do beyonce and jay z have
1095722,average salary of a physician s assistant virginia
1095832,how much is martha s company worth
1095868,how much is danielle steel worth
1095871,how much is dame dash worth
1095974,how much fiber daily for women
1096049,how much does nanny cost
1096465,average pay for nurses
1096519,how many women have landed a triple axel in competition
1096629,how many students at marjory stoneman school
1096731,average length of female cycle
1096757,how many players on a women s lacrosse field
1096846,average income of salt lake city nurse
1097199,how many eggs do does a woman have
1097368,how many children do not have access to primary education  that are girls
1097437,how many calories should a pregnant women eat for each meal
1097675,how long to wait before taking pills
1097909,how long is treatment for a vaginal yeast infection
1097977,how long is a woman s egg viable
1098108,how long does opana
1098124,how long does morning sickness typically last
1098154,how long does it take to heal from cervical biopsy
1098298,how long does it take for a pill to be absorbed on an empty stomach
1098496,how long do results of an endometrial biopsy take
1098549,how long do black bear cubs stay with it mother
1098597,how long can you not fly after receiving an epidural
1098763,how long after ovulation does it take for implantation
1098765,how long after menstruation is ovulation
1098769,how long after giving birth can you have a positive pregnancy test
1098920,how is bessie coleman remembered
1099003,how far is valdosta from augusta ga
1099023,how far is mia to fll
1099025,how far is marietta  ga from canton  ga
1099026,how far is marietta from norcross
1099082,how far along do you have to be for pregnancy test to show results
1099099,how early can you show signs of morning sickness
1099105,how early can easy home pregnancy test detect
1099394,ashwagandha side effects in women
1099739,ariana net worth
1099746,ariana grande weight height
1099846,holyoke female seminary
1099928,highest range for a woman s voice
1099981,heslin rothenberg farley   mesiti p c
1099986,hero heroine definition
1100077,hazel haskett in real life
1100166,gucci meaning in teen slang
1100205,grande skinny vanilla latte calories
1100220,gossip girl cast
1100226,google what is endometriosis
1100286,george mason women s history month
1100492,foods for pregnancy constipation
1100510,foab meaning
1100542,fistulectomy surgery
1100601,female names meaning discerning
1100640,fascial definition
1100839,emily seidl pac ak fax number
1101047,dr  michelle ahmed in alliance npi number
1101048,another name for brooke
1101055,another name for azalea
1101056,dr  jacquelyn c  schnidman npi number
1101077,dr maria enecilla npi number
1101133,donna hay net worth
1101185,does penicillin cause vaginal itching
1101206,ani palmer
1101227,does candida cause skin rash
1101264,do women lose weight when breastfeeding
1101271,do vhi swiftcare do blood tests
1101402,different types of hernias in women
1101491,difference between male and female springbok horns
1101615,description of colostomy stoma site
1101759,zelda what is amiibo
1101773,youngest daughter of lady grantham on downton abbey
1101945,why was child labor used
1101973,why people think megan law is important
1102082,why is madam cj walker famous
1102133,why is chief quanah parker
